1001,"Beatrice","Wilson","232 Guy Street,Montreal",2019-02-20
1002,"Nathan","Wilson","232 Guy Street,Montreal",2019-02-20
1003,"Jacob","Butler","204 Langelier Boulevard,Montreal",2018-03-17
1004,"Noah","Butler","204 Langelier Boulevard,Montreal",2018-03-17
1005,"Beatrice","Wilson","49 Peel Street,Montreal",2018-08-25
1006,"Florence","Wilson","49 Peel Street,Montreal",2018-08-25
1007,"Samuel","Ortiz","874 De Lorimier Avenue,Montreal",2018-05-01
1008,"Alexis","Ortiz","874 De Lorimier Avenue,Montreal",2018-05-01
1009,"Jackson","Gagnon","255 Saint Michel Boulevard,Montreal",2018-05-24
1010,"Nathan","Gagnon","255 Saint Michel Boulevard,Montreal",2018-05-24
1011,"Alice","Davis","666 Saint Denis Street,Montreal",2018-11-02
1012,"Lily","Davis","666 Saint Denis Street,Montreal",2018-11-02
1013,"Samuel","Ortiz","964 Pie-IX Boulevard,Montreal",2019-05-19
1014,"Ava","Ortiz","964 Pie-IX Boulevard,Montreal",2019-05-19
1015,"Zoe","Butler","317 Saint Laurent Boulevard,Montreal",2018-05-08
1016,"James","Butler","317 Saint Laurent Boulevard,Montreal",2018-05-08
1017,"Thomas","Williams","110 Park Avenue,Montreal",2018-12-30
1018,"Beatrice","Williams","110 Park Avenue,Montreal",2018-12-30
1019,"Thomas","Wilson","373 Langelier Boulevard,Montreal",2019-03-14
1020,"Jackson","Wilson","373 Langelier Boulevard,Montreal",2019-03-14
1021,"Thomas","Diaz","288 Park Avenue,Montreal",2018-08-13
1022,"Isabella","Diaz","288 Park Avenue,Montreal",2018-08-13
1023,"Florence","Jones","517 Stanley Street,Montreal",2018-06-26
1024,"Noah","Jones","517 Stanley Street,Montreal",2018-06-26
1025,"Isabella","Miller","895 Plessis Street,Montreal",2018-03-13
1026,"Lucas","Miller","895 Plessis Street,Montreal",2018-03-13
1027,"Emma","Gonzalez","264 Mansfield Street,Montreal",2018-07-29
1028,"Zoe","Gonzalez","264 Mansfield Street,Montreal",2018-07-29
1029,"Jackson","Gutierrez","922 Honore Beaugrand Street,Montreal",2018-10-29
1030,"Lily","Gutierrez","922 Honore Beaugrand Street,Montreal",2018-10-29
1031,"Samuel","Davis","946 MacKay Street,Montreal",2018-05-10
1032,"Lucas","Davis","946 MacKay Street,Montreal",2018-05-10
1033,"Lucas","Morales","314 Stanley Street,Montreal",2019-03-06
1034,"Noah","Morales","314 Stanley Street,Montreal",2019-03-06
1035,"Noah","Brown","107 Langelier Boulevard,Montreal",2018-08-17
1036,"Isabella","Brown","107 Langelier Boulevard,Montreal",2018-08-17
1037,"Ethan","Diaz","812 Mountain Street,Montreal",2018-03-11
1038,"Lucas","Diaz","812 Mountain Street,Montreal",2018-03-11
1039,"Alice","Gonzalez","819 Plessis Street,Montreal",2018-03-27
1040,"Emma","Gonzalez","819 Plessis Street,Montreal",2018-03-27
1041,"Charlotte","Gonzalez","763 Guy Street,Montreal",2019-02-21
1042,"Noah","Gonzalez","763 Guy Street,Montreal",2019-02-21
1043,"Nathan","Gagnon","286 Stanley Street,Montreal",2018-09-17
1044,"Emily","Gagnon","286 Stanley Street,Montreal",2018-09-17
1045,"Thomas","Hernandez","829 McGill Street,Montreal",2018-07-14
1046,"Rosalie","Hernandez","829 McGill Street,Montreal",2018-07-14
1047,"Alice","Butler","309 Sanguinet Street,Montreal",2018-09-11
1048,"Jack","Butler","309 Sanguinet Street,Montreal",2018-09-11
1049,"Emily","Roy","313 Lacordaire Boulevard,Montreal",2018-05-18
1050,"Samuel","Roy","313 Lacordaire Boulevard,Montreal",2018-05-18
1051,"Emily","Williams","472 Saint Denis Street,Montreal",2018-03-18
1052,"Jacob","Williams","472 Saint Denis Street,Montreal",2018-03-18
1053,"Avery","Martin","963 Lacordaire Boulevard,Montreal",2019-03-25
1054,"Emma","Martin","963 Lacordaire Boulevard,Montreal",2019-03-25
1055,"Rosalie","Mora","765 Saint Hubert Street,Montreal",2018-06-27
1056,"Thomas","Mora","765 Saint Hubert Street,Montreal",2018-06-27
1057,"Chloe","Lam","968 Saint Denis Street,Montreal",2019-04-06
1058,"Alexis","Lam","968 Saint Denis Street,Montreal",2019-04-06
1059,"Ethan","Roy","368 Drummond Street,Montreal",2018-03-08
1060,"Charlotte","Roy","368 Drummond Street,Montreal",2018-03-08
1061,"Sophia","Lee","944 Mountain Street,Montreal",2018-04-20
1062,"Charlotte","Lee","944 Mountain Street,Montreal",2018-04-20
1063,"Zoe","Ortiz","380 Mansfield Street,Montreal",2018-06-12
1064,"Noah","Ortiz","380 Mansfield Street,Montreal",2018-06-12
1065,"Charlotte","Davis","307 Stanley Street,Montreal",2018-11-07
1066,"Lily","Davis","307 Stanley Street,Montreal",2018-11-07
1067,"Felix","Rodriguez","502 Park Avenue,Montreal",2018-05-22
1068,"William","Rodriguez","502 Park Avenue,Montreal",2018-05-22
1069,"Ava","Mora","496 Saint Timothee Street,Montreal",2018-05-26
1070,"Beatrice","Mora","496 Saint Timothee Street,Montreal",2018-05-26
1071,"Lucas","Williams","468 De Lorimier Avenue,Montreal",2018-06-17
1072,"Samuel","Williams","468 De Lorimier Avenue,Montreal",2018-06-17
1073,"Florence","Gutierrez","114 Mountain Street,Montreal",2018-09-09
1074,"Beatrice","Gutierrez","114 Mountain Street,Montreal",2018-09-09
1075,"Lily","Butler","802 Metcalfe Street,Montreal",2018-03-12
1076,"William","Butler","802 Metcalfe Street,Montreal",2018-03-12
1077,"Felix","Mora","357 McGill Street,Montreal",2018-03-01
1078,"Lea","Mora","357 McGill Street,Montreal",2018-03-01
1079,"Noah","Gagnon","915 Montcalm Street,Montreal",2018-12-29
1080,"Alexis","Gagnon","915 Montcalm Street,Montreal",2018-12-29
1081,"Noah","Gonzalez","589 Louis-Hippolyte-Lafontaine Boulevard,Montreal",2019-02-01
1082,"Rosalie","Gonzalez","589 Louis-Hippolyte-Lafontaine Boulevard,Montreal",2019-02-01
1083,"William","Gagnon","103 Stanley Street,Montreal",2019-03-06
1084,"Jack","Gagnon","103 Stanley Street,Montreal",2019-03-06
1085,"Ava","Davis","576 Saint Laurent Boulevard,Montreal",2018-08-12
1086,"Alice","Davis","576 Saint Laurent Boulevard,Montreal",2018-08-12
1087,"Lea","Mora","848 Saint Urbain Street,Montreal",2018-04-16
1088,"Lucas","Mora","848 Saint Urbain Street,Montreal",2018-04-16
1089,"Jackson","Roy","415 Guy Street,Montreal",2019-05-15
1090,"Jack","Roy","415 Guy Street,Montreal",2019-05-15
1091,"Zoe","Gagnon","592 Saint Andre Street,Montreal",2018-06-15
1092,"Isabella","Gagnon","592 Saint Andre Street,Montreal",2018-06-15
1093,"Chloe","Tremblay","410 Montcalm Street,Montreal",2018-11-18
1094,"Emma","Tremblay","410 Montcalm Street,Montreal",2018-11-18
1095,"Charlotte","Davis","569 Pie-IX Boulevard,Montreal",2018-12-04
1096,"Beatrice","Davis","569 Pie-IX Boulevard,Montreal",2018-12-04
1097,"Lucas","Murphy","495 Saint Timothee Street,Montreal",2018-09-22
1098,"Samuel","Murphy","495 Saint Timothee Street,Montreal",2018-09-22
1099,"Lea","Butler","690 Park Avenue,Montreal",2018-03-06
1100,"Ava","Butler","690 Park Avenue,Montreal",2018-03-06
